{
  "AWSTemplateFormatVersion": "2010-09-09T00:00:00Z",
  "Resources": {
    "MyRepository5": {
      "Type": "AWS::ECR::Repository",
      "Properties": {
        "RepositoryName": "test-repository",
        "RepositoryPolicyText": {
          "Version": "2008-10-17",
          "Statement": [
            {
              "Sid": "AllowPushPull",
              "Effect": "Allow",
              "Principal": {
                "AWS": [
                  "arn:aws:iam::123456789012:user/Bob",
                  "arn:aws:iam::123456789012:user/Alice"
                ]
              },
              "Action": [
                "ecr:GetDownloadUrlForLayer",
                "ecr:BatchGetImage",
                "ecr:BatchCheckLayerAvailability",
                "ecr:PutImage",
                "ecr:InitiateLayerUpload",
                "ecr:UploadLayerPart",
                "ecr:CompleteLayerUpload"
              ]
            }
          ]
        }
      }
    }
  }
}
