{
	"": [
		"--------------------------------------------------------------------------------------------",
		"Copyright (c) Microsoft Corporation. All rights reserved.",
		"Licensed under the Source EULA. See License.txt in the project root for license information.",
		"--------------------------------------------------------------------------------------------",
		"Do not edit this file. It is machine generated."
	],
	"bdc-create.RestoreDefaultValuesText": "Restaurar os valores padrão",
	"bdc-create.settingsPageTitle": "Configurações",
	"bdc-create.settingsPageDescription": "Configurar as definições necessárias para a implantação de cluster de Big Data do SQL Server",
	"bdc-create.EulaNotAccepted": "Você precisa aceitar os termos de serviços e a política de privacidade para prosseguir",
	"bdc-create.ClusterName": "Nome do cluster",
	"bdc-create.AdminUsernameText": "Nome de usuário admin",
	"bdc-create.AdminUserPasswordText": "Senha",
	"bdc-create.SQLPortText": "Mestre do SQL Server",
	"bdc-create.KnoxPortText": "Knox",
	"bdc-create.ControllerPortText": "Controlador",
	"bdc-create.ProxyPortText": "Proxy",
	"bdc-create.GrafanaPortText": "Painel do Grafana",
	"bdc-create.KibanaPortText": "Painel do Kibana",
	"bdc-create.RegistryUserNamePasswordHintText": "necessário apenas para registros privados",
	"bdc-create.RegistryText": "Registro",
	"bdc-create.RepositoryText": "Repositório",
	"bdc-create.ImageTagText": "Tag de imagem",
	"bdc-create.RegistryUserNameText": "Nome do Usuário",
	"bdc-create.RegistryPasswordText": "Senha",
	"bdc-create.BasicSettingsText": "Configurações básicas",
	"bdc-create.ContainerRegistrySettings": "Configurações de Registro de Contêiner",
	"bdc-create.PortSettings": "Configurações de porta (opcional)",
	"bdc-create.LicenseTerms": "termos de licença",
	"bdc-create.PrivacyPolicyText": "política de privacidade",
	"bdc-create.AcceptTermsText": "Eu aceito o {0} e o {1}."
}